title,artist,hint_album,hint_year,hint_genre
Tum Hi Ho,Arijit Singh,Aashiqui 2,2013,Romantic
Kal Ho Naa Ho,Sonu Nigam,Kal Ho Naa Ho,2003,Romantic
Chaiyya Chaiyya,Sukhwinder Singh,Dil Se,1998,Dance
Kabira,Tochi Raina,Yeh Jawaani Hai Deewani,2013,Romantic
Tujhe Dekha To,Lata Mangeshkar,Dilwale Dulhania Le Jayenge,1995,Romantic
Zinda,Siddharth Mahadevan,Bhaag Milkha Bhaag,2013,Motivational
Channa Mereya,Arijit Singh,Ae Dil Hai Mushkil,2016,Romantic
Gerua,Arijit Singh,Dilwale,2015,Romantic
Malhari,Vishal Dadlani,Bajirao Mastani,2015,Dance
Barso Re,Shreya Ghoshal,Guru,2007,Dance
Pehla Nasha,Udit Narayan,Jo Jeeta Wohi Sikandar,1992,Romantic
Tum Se Hi,Mohit Chauhan,Jab We Met,2007,Romantic
Kajra Re,Alisha Chinai,Bunty Aur Babli,2005,Item
Dola Re Dola,Kavita Krishnamurthy,Devdas,2002,Classical Fusion
Jai Ho,Sukhwinder Singh,Slumdog Millionaire,2008,Dance
Rang De Basanti,Daler Mehndi,Rang De Basanti,2006,Patriotic
Bole Chudiyan,Amit Kumar,Kabhi Khushi Kabhie Gham,2001,Wedding
Tere Bina,A.R. Rahman,Guru,2007,Romantic
Kal Ho Naa Ho Title,Shankar Mahadevan,Kal Ho Naa Ho,2003,Romantic
Ae Watan,Sunidhi Chauhan,Raazi,2018,Patriotic
Senorita,Farhan Akhtar,Zindagi Na Milegi Dobara,2011,Dance
Bulleya,Amit Mishra,Ae Dil Hai Mushkil,2016,Sufi
Ilahi,Arijit Singh,Yeh Jawaani Hai Deewani,2013,Travel
Iktara,Kavita Seth,Wake Up Sid,2009,Romantic
Tum Hi Ho Bandhu,Pritam,Cocktail,2012,Friendship
Chikni Chameli,Shreya Ghoshal,Agneepath,2012,Item
Sheila Ki Jawani,Sunidhi Chauhan,Tees Maar Khan,2010,Item
Munni Badnaam Hui,Mamta Sharma,Dabangg,2010,Item
Desi Girl,Sunidhi Chauhan,Dostana,2008,Dance
Emosanal Atyachar,Rajesh Sharma,Dev D,2009,Dance
Kolaveri Di,Dhanush,3,2011,Comedy
Nagada Sang Dhol,Shreya Ghoshal,Ram-Leela,2013,Festive
Ghungroo,Arijit Singh,War,2019,Dance
Tera Yaar Hoon Main,Arijit Singh,Sonu Ke Titu Ki Sweety,2018,Friendship
Ae Dil Hai Mushkil Title,Arijit Singh,Ae Dil Hai Mushkil,2016,Romantic
Apna Time Aayega,Ranveer Singh,Gully Boy,2019,Hip Hop
Zinda Hoon Yaar,Vishal Dadlani,Ludo,2020,Dance
Kesariya,Arijit Singh,Brahmastra,2022,Romantic
Raataan Lambiyan,Jubin Nautiyal,Shershaah,2021,Romantic
Ranjha,B Praak,Shershaah,2021,Romantic
Kar Har Maidaan Fateh,Sukhwinder Singh,Sanju,2018,Motivational
Ghoomar,Shreya Ghoshal,Padmaavat,2018,Festive
Deewani Mastani,Shreya Ghoshal,Bajirao Mastani,2015,Classical Fusion
Naina Da Kya Kasoor,Amit Mishra,Table No. 21,2013,Romantic
Ye Jawaani Hai Deewani Title,Pritam,Yeh Jawaani Hai Deewani,2013,Youth
Tera Hone Laga Hoon,Atif Aslam,Ajab Prem Ki Ghazab Kahani,2009,Romantic
Tujh Mein Rab Dikhta Hai,Roop Kumar Rathod,Rab Ne Bana Di Jodi,2008,Devotional
Mere Naam Tu,Abhay Jodhpurkar,Zero,2018,Romantic
Samjhawan,Arijit Singh,Humpty Sharma Ki Dulhania,2014,Romantic
Ve Maahi,Arijit Singh,Kesari,2019,Romantic
Sooraj Dooba Hain,Arijit Singh,Roy,2015,Dance
Chaleya,Arijit Singh,Jawan,2023,Romantic
Besharam Rang,Shilpa Rao,Pathaan,2023,Dance
Jhoome Jo Pathaan,Arijit Singh,Pathaan,2023,Dance
What Jhumka,Arijit Singh,Rocky Aur Rani Kii Prem Kahaani,2023,Dance
Tum Kya Mile,Arijit Singh,Rocky Aur Rani Kii Prem Kahaani,2023,Romantic
Satranga,Arijit Singh,Animal,2023,Romantic
Arjan Vailly,Vishal Mishra,Animal,2023,Dance
Hua Main,Arijit Singh,Animal,2023,Romantic
Apna Bana Le,Arijit Singh,Bhediya,2022,Romantic
Tauba Tauba,Karan Aujla,Bad Newz,2024,Dance
Aaj Ki Raat,Sachin-Jigar,Stree 2,2024,Dance
Barbaad,Vishal Mishra,Crakk,2024,Romantic
Heeriye,Jasleen Royal,Heeriye,2023,Romantic
Naram Kaljyi,A.R. Rahman,Amar Singh Chamkila,2024,Punjabi Folk
Vida Karo,Arijit Singh,Amar Singh Chamkila,2024,Sufi
Baaja,A.R. Rahman,Amar Singh Chamkila,2024,Punjabi Folk
Manike Hindi,Yohani,Thank God,2022,Crossover
Phir Aur Kya Chahiye,Arijit Singh,Zara Hatke Zara Bachke,2023,Romantic
Nadaan Parinde,A.R. Rahman,Rockstar,2011,Rock
Sadda Haq,Mohit Chauhan,Rockstar,2011,Rock
Tum Ho,Mohit Chauhan,Rockstar,2011,Romantic
Baawre,Amit Trivedi,Luv Shuv Tey Chicken Khurana,2012,Folk Fusion
Rangi Saari,Shreya Ghoshal,Gangubai Kathiawadi,2022,Sufi
Qismat,Ammy Virk,Qismat,2018,Punjabi
Mann Bharrya,B Praak,Mann Bharrya,2018,Punjabi
Filhaal,B Praak,Filhaal,2019,Punjabi
Ishare Tere,B Praak,Ishare Tere,2021,Punjabi
Brown Munde,AP Dhillon,Brown Munde,2021,Punjabi Hip Hop
Excuses,AP Dhillon,Excuses,2021,Punjabi Pop
Pasoori,Ali Sethi,Coke Studio Season 14,2022,Fusion
Lover,Diljit Dosanjh,G.O.A.T.,2020,Punjabi Pop
Born to Shine,Diljit Dosanjh,G.O.A.T.,2020,Punjabi Pop
295,Sidhu Moose Wala,Moosetape,2021,Punjabi Rap
Softly,Karan Aujla,Making Memories,2023,Punjabi
